{
  "dataset_revision": "e19b6ffa60b3bc248e0b41f4cc37c26a55c2a67b",
  "evaluation_time": 134.75776267051697,
  "kg_co2_emissions": null,
  "mteb_version": "1.12.25",
  "scores": {
    "test": [
      {
        "hf_subset": "default",
        "languages": [
          "rus-Cyrl"
        ],
        "main_score": 0.5639,
        "map_at_1": 0.2923,
        "map_at_10": 0.47437,
        "map_at_100": 0.48736,
        "map_at_1000": 0.48785,
        "map_at_20": 0.48307,
        "map_at_3": 0.42,
        "map_at_5": 0.45193,
        "mrr_at_1": 0.425531914893617,
        "mrr_at_10": 0.5647991012795993,
        "mrr_at_100": 0.5706860423569395,
        "mrr_at_1000": 0.5708080037355601,
        "mrr_at_20": 0.5688348305064259,
        "mrr_at_3": 0.5360520094562657,
        "mrr_at_5": 0.5539893617021295,
        "nauc_map_at_1000_diff1": 0.27734956648397374,
        "nauc_map_at_1000_max": 0.14479049004728284,
        "nauc_map_at_1000_std": -0.17455800775676916,
        "nauc_map_at_100_diff1": 0.2770588947265192,
        "nauc_map_at_100_max": 0.1448673933173379,
        "nauc_map_at_100_std": -0.1742622714013716,
        "nauc_map_at_10_diff1": 0.2752618088903583,
        "nauc_map_at_10_max": 0.14330115700589316,
        "nauc_map_at_10_std": -0.182952717087987,
        "nauc_map_at_1_diff1": 0.32093171030715345,
        "nauc_map_at_1_max": 0.09314579523306178,
        "nauc_map_at_1_std": -0.1804295629360508,
        "nauc_map_at_20_diff1": 0.2773568313528945,
        "nauc_map_at_20_max": 0.14593487993433896,
        "nauc_map_at_20_std": -0.1750629441395057,
        "nauc_map_at_3_diff1": 0.2697676032393028,
        "nauc_map_at_3_max": 0.11212544587927933,
        "nauc_map_at_3_std": -0.19980324877325215,
        "nauc_map_at_5_diff1": 0.2710337576948902,
        "nauc_map_at_5_max": 0.131929240538715,
        "nauc_map_at_5_std": -0.19266841833783,
        "nauc_mrr_at_1000_diff1": 0.31847526630957634,
        "nauc_mrr_at_1000_max": 0.16782829069534896,
        "nauc_mrr_at_1000_std": -0.19013805008944096,
        "nauc_mrr_at_100_diff1": 0.3184365092574639,
        "nauc_mrr_at_100_max": 0.16796525903597168,
        "nauc_mrr_at_100_std": -0.1899493467183354,
        "nauc_mrr_at_10_diff1": 0.31684661456508023,
        "nauc_mrr_at_10_max": 0.16931821634672675,
        "nauc_mrr_at_10_std": -0.19162792551711663,
        "nauc_mrr_at_1_diff1": 0.3455746911965085,
        "nauc_mrr_at_1_max": 0.13751090401264457,
        "nauc_mrr_at_1_std": -0.18372769219750082,
        "nauc_mrr_at_20_diff1": 0.31844857219654427,
        "nauc_mrr_at_20_max": 0.16969958911871996,
        "nauc_mrr_at_20_std": -0.18981253626181802,
        "nauc_mrr_at_3_diff1": 0.3123362338051633,
        "nauc_mrr_at_3_max": 0.1544722204486888,
        "nauc_mrr_at_3_std": -0.19986411877424265,
        "nauc_mrr_at_5_diff1": 0.31534145584908035,
        "nauc_mrr_at_5_max": 0.16567618557528138,
        "nauc_mrr_at_5_std": -0.19698959444228797,
        "nauc_ndcg_at_1000_diff1": 0.28405527628344884,
        "nauc_ndcg_at_1000_max": 0.17006820353038643,
        "nauc_ndcg_at_1000_std": -0.1554714002889559,
        "nauc_ndcg_at_100_diff1": 0.2784914653665987,
        "nauc_ndcg_at_100_max": 0.17435467972580967,
        "nauc_ndcg_at_100_std": -0.14666133239735876,
        "nauc_ndcg_at_10_diff1": 0.27273650593045695,
        "nauc_ndcg_at_10_max": 0.1738031746961794,
        "nauc_ndcg_at_10_std": -0.17313144714643702,
        "nauc_ndcg_at_1_diff1": 0.3534373660707829,
        "nauc_ndcg_at_1_max": 0.1345797759120174,
        "nauc_ndcg_at_1_std": -0.18095955925712173,
        "nauc_ndcg_at_20_diff1": 0.27945919481474013,
        "nauc_ndcg_at_20_max": 0.18081699966005899,
        "nauc_ndcg_at_20_std": -0.15229191302183231,
        "nauc_ndcg_at_3_diff1": 0.2625051627871768,
        "nauc_ndcg_at_3_max": 0.121719042179577,
        "nauc_ndcg_at_3_std": -0.20493155943241498,
        "nauc_ndcg_at_5_diff1": 0.2670370585204737,
        "nauc_ndcg_at_5_max": 0.15314247534079756,
        "nauc_ndcg_at_5_std": -0.1938721725384524,
        "nauc_precision_at_1000_diff1": -0.005233141149334117,
        "nauc_precision_at_1000_max": 0.0858682155983965,
        "nauc_precision_at_1000_std": 0.10186303639495355,
        "nauc_precision_at_100_diff1": 0.00044271681936179327,
        "nauc_precision_at_100_max": 0.12622934795678986,
        "nauc_precision_at_100_std": 0.12493241352498512,
        "nauc_precision_at_10_diff1": 0.0729486019182371,
        "nauc_precision_at_10_max": 0.1740809735448242,
        "nauc_precision_at_10_std": 0.002602874338863642,
        "nauc_precision_at_1_diff1": 0.3534373660707829,
        "nauc_precision_at_1_max": 0.1345797759120174,
        "nauc_precision_at_1_std": -0.18095955925712173,
        "nauc_precision_at_20_diff1": 0.04788301606824386,
        "nauc_precision_at_20_max": 0.16607038696864126,
        "nauc_precision_at_20_std": 0.07595190691609789,
        "nauc_precision_at_3_diff1": 0.13938156058224582,
        "nauc_precision_at_3_max": 0.12847351751355118,
        "nauc_precision_at_3_std": -0.15158054261920859,
        "nauc_precision_at_5_diff1": 0.10856700180195976,
        "nauc_precision_at_5_max": 0.1583799070255201,
        "nauc_precision_at_5_std": -0.09262833365874398,
        "nauc_recall_at_1000_diff1": 0.14784186391776064,
        "nauc_recall_at_1000_max": 0.34205770800893326,
        "nauc_recall_at_1000_std": 0.4059183925638809,
        "nauc_recall_at_100_diff1": 0.10193215464808382,
        "nauc_recall_at_100_max": 0.3015816224177076,
        "nauc_recall_at_100_std": 0.22427397027041163,
        "nauc_recall_at_10_diff1": 0.17187252933240654,
        "nauc_recall_at_10_max": 0.22479939913798536,
        "nauc_recall_at_10_std": -0.1103163543915783,
        "nauc_recall_at_1_diff1": 0.32093171030715345,
        "nauc_recall_at_1_max": 0.09314579523306178,
        "nauc_recall_at_1_std": -0.1804295629360508,
        "nauc_recall_at_20_diff1": 0.18531060809417915,
        "nauc_recall_at_20_max": 0.2784032445607213,
        "nauc_recall_at_20_std": 0.007890514875616133,
        "nauc_recall_at_3_diff1": 0.18543735232245942,
        "nauc_recall_at_3_max": 0.10584558449301107,
        "nauc_recall_at_3_std": -0.19627924279546116,
        "nauc_recall_at_5_diff1": 0.1816619992609926,
        "nauc_recall_at_5_max": 0.1653713200598763,
        "nauc_recall_at_5_std": -0.17118766444310582,
        "ndcg_at_1": 0.42258,
        "ndcg_at_10": 0.5639,
        "ndcg_at_100": 0.60959,
        "ndcg_at_1000": 0.61843,
        "ndcg_at_20": 0.58734,
        "ndcg_at_3": 0.48195,
        "ndcg_at_5": 0.52276,
        "precision_at_1": 0.42258,
        "precision_at_10": 0.11903,
        "precision_at_100": 0.01514,
        "precision_at_1000": 0.00163,
        "precision_at_20": 0.06649,
        "precision_at_3": 0.27226,
        "precision_at_5": 0.19835,
        "recall_at_1": 0.2923,
        "recall_at_10": 0.73309,
        "recall_at_100": 0.91485,
        "recall_at_1000": 0.97419,
        "recall_at_20": 0.81274,
        "recall_at_3": 0.53048,
        "recall_at_5": 0.62458
      }
    ]
  },
  "task_name": "RuBQRetrieval"
}