{
  "dataset_revision": "2e96b8f098fa4b0950fc58eacadeb31c0d0c7fa2",
  "evaluation_time": 100.50435328483582,
  "kg_co2_emissions": null,
  "mteb_version": "1.12.25",
  "scores": {
    "test": [
      {
        "hf_subset": "default",
        "languages": [
          "rus-Cyrl"
        ],
        "main_score": 0.6446247561563375,
        "map": 0.6446247561563375,
        "mrr": 0.6936021819000542,
        "nAUC_map_diff1": 0.2707668397850661,
        "nAUC_map_max": 0.04519028376193573,
        "nAUC_map_std": 0.016435835484292293,
        "nAUC_mrr_diff1": 0.2916809907286037,
        "nAUC_mrr_max": 0.08226427557071941,
        "nAUC_mrr_std": 0.029382864105139836
      }
    ]
  },
  "task_name": "RuBQReranking"
}