{
  "dataset_revision": "82374b0bbacda6114f39ff9c5b925fa1512ca5d7",
  "evaluation_time": 3905.4600007534027,
  "kg_co2_emissions": null,
  "mteb_version": "1.12.25",
  "scores": {
    "test": [
      {
        "hf_subset": "default",
        "languages": [
          "rus-Cyrl"
        ],
        "main_score": 0.77383,
        "map_at_1": 0.6572,
        "map_at_10": 0.73857,
        "map_at_100": 0.74185,
        "map_at_1000": 0.74195,
        "map_at_20": 0.74075,
        "map_at_3": 0.72445,
        "map_at_5": 0.73341,
        "mrr_at_1": 0.6572,
        "mrr_at_10": 0.7385749206349161,
        "mrr_at_100": 0.7418501034665504,
        "mrr_at_1000": 0.7419543664581381,
        "mrr_at_20": 0.7407484934509875,
        "mrr_at_3": 0.7244499999999958,
        "mrr_at_5": 0.7334099999999937,
        "nauc_map_at_1000_diff1": 0.7226778420891528,
        "nauc_map_at_1000_max": 0.2557590667297327,
        "nauc_map_at_1000_std": -0.12876577919815174,
        "nauc_map_at_100_diff1": 0.7226633399331311,
        "nauc_map_at_100_max": 0.255819211416309,
        "nauc_map_at_100_std": -0.12867638683563584,
        "nauc_map_at_10_diff1": 0.7218945359865055,
        "nauc_map_at_10_max": 0.2548198766249643,
        "nauc_map_at_10_std": -0.12987605298468163,
        "nauc_map_at_1_diff1": 0.7559199186141158,
        "nauc_map_at_1_max": 0.22984778436701803,
        "nauc_map_at_1_std": -0.15071489920178702,
        "nauc_map_at_20_diff1": 0.7223222313622568,
        "nauc_map_at_20_max": 0.2554762460480108,
        "nauc_map_at_20_std": -0.12924904793186306,
        "nauc_map_at_3_diff1": 0.7210701430448058,
        "nauc_map_at_3_max": 0.25300849294461575,
        "nauc_map_at_3_std": -0.1348974376177367,
        "nauc_map_at_5_diff1": 0.722304211357245,
        "nauc_map_at_5_max": 0.25480771877180264,
        "nauc_map_at_5_std": -0.1317747902574116,
        "nauc_mrr_at_1000_diff1": 0.7226778420891528,
        "nauc_mrr_at_1000_max": 0.2557590667297327,
        "nauc_mrr_at_1000_std": -0.12876577919815174,
        "nauc_mrr_at_100_diff1": 0.7226633399331311,
        "nauc_mrr_at_100_max": 0.255819211416309,
        "nauc_mrr_at_100_std": -0.12867638683563584,
        "nauc_mrr_at_10_diff1": 0.7218945359865055,
        "nauc_mrr_at_10_max": 0.2548198766249643,
        "nauc_mrr_at_10_std": -0.12987605298468163,
        "nauc_mrr_at_1_diff1": 0.7559199186141158,
        "nauc_mrr_at_1_max": 0.22984778436701803,
        "nauc_mrr_at_1_std": -0.15071489920178702,
        "nauc_mrr_at_20_diff1": 0.7223222313622568,
        "nauc_mrr_at_20_max": 0.2554762460480108,
        "nauc_mrr_at_20_std": -0.12924904793186306,
        "nauc_mrr_at_3_diff1": 0.7210701430448058,
        "nauc_mrr_at_3_max": 0.25300849294461575,
        "nauc_mrr_at_3_std": -0.1348974376177367,
        "nauc_mrr_at_5_diff1": 0.722304211357245,
        "nauc_mrr_at_5_max": 0.25480771877180264,
        "nauc_mrr_at_5_std": -0.1317747902574116,
        "nauc_ndcg_at_1000_diff1": 0.7127557452837572,
        "nauc_ndcg_at_1000_max": 0.26887829730901436,
        "nauc_ndcg_at_1000_std": -0.1118715323140591,
        "nauc_ndcg_at_100_diff1": 0.7120868924922081,
        "nauc_ndcg_at_100_max": 0.2712972848239109,
        "nauc_ndcg_at_100_std": -0.1077765609053389,
        "nauc_ndcg_at_10_diff1": 0.7083293820298108,
        "nauc_ndcg_at_10_max": 0.2655178883344768,
        "nauc_ndcg_at_10_std": -0.11566162162446862,
        "nauc_ndcg_at_1_diff1": 0.7559199186141158,
        "nauc_ndcg_at_1_max": 0.22984778436701803,
        "nauc_ndcg_at_1_std": -0.15071489920178702,
        "nauc_ndcg_at_20_diff1": 0.7098697718258858,
        "nauc_ndcg_at_20_max": 0.2687327703372193,
        "nauc_ndcg_at_20_std": -0.11243116299524594,
        "nauc_ndcg_at_3_diff1": 0.7083126588582882,
        "nauc_ndcg_at_3_max": 0.2610122949457631,
        "nauc_ndcg_at_3_std": -0.1283951693659782,
        "nauc_ndcg_at_5_diff1": 0.7100826407931958,
        "nauc_ndcg_at_5_max": 0.26518273111883867,
        "nauc_ndcg_at_5_std": -0.12166885156785516,
        "nauc_precision_at_1000_diff1": 0.5039053673219652,
        "nauc_precision_at_1000_max": 0.6139378125679508,
        "nauc_precision_at_1000_std": 0.33938111013050065,
        "nauc_precision_at_100_diff1": 0.5885948836135457,
        "nauc_precision_at_100_max": 0.5171326006697332,
        "nauc_precision_at_100_std": 0.24670597633655794,
        "nauc_precision_at_10_diff1": 0.6320756934173484,
        "nauc_precision_at_10_max": 0.32614583544380815,
        "nauc_precision_at_10_std": -0.028506189598232246,
        "nauc_precision_at_1_diff1": 0.7559199186141158,
        "nauc_precision_at_1_max": 0.22984778436701803,
        "nauc_precision_at_1_std": -0.15071489920178702,
        "nauc_precision_at_20_diff1": 0.621902339198213,
        "nauc_precision_at_20_max": 0.37376144487645646,
        "nauc_precision_at_20_std": 0.02779358968998802,
        "nauc_precision_at_3_diff1": 0.6607953677924044,
        "nauc_precision_at_3_max": 0.290623273963661,
        "nauc_precision_at_3_std": -0.1038757489524656,
        "nauc_precision_at_5_diff1": 0.6566285032338995,
        "nauc_precision_at_5_max": 0.31189657309191593,
        "nauc_precision_at_5_std": -0.07488297127456774,
        "nauc_recall_at_1000_diff1": 0.5039053673219699,
        "nauc_recall_at_1000_max": 0.6139378125679564,
        "nauc_recall_at_1000_std": 0.33938111013050737,
        "nauc_recall_at_100_diff1": 0.5885948836135485,
        "nauc_recall_at_100_max": 0.5171326006697358,
        "nauc_recall_at_100_std": 0.24670597633655744,
        "nauc_recall_at_10_diff1": 0.6320756934173476,
        "nauc_recall_at_10_max": 0.3261458354438076,
        "nauc_recall_at_10_std": -0.028506189598232787,
        "nauc_recall_at_1_diff1": 0.7559199186141158,
        "nauc_recall_at_1_max": 0.22984778436701803,
        "nauc_recall_at_1_std": -0.15071489920178702,
        "nauc_recall_at_20_diff1": 0.6219023391982131,
        "nauc_recall_at_20_max": 0.3737614448764582,
        "nauc_recall_at_20_std": 0.027793589689990256,
        "nauc_recall_at_3_diff1": 0.660795367792405,
        "nauc_recall_at_3_max": 0.2906232739636606,
        "nauc_recall_at_3_std": -0.10387574895246594,
        "nauc_recall_at_5_diff1": 0.6566285032338999,
        "nauc_recall_at_5_max": 0.31189657309191804,
        "nauc_recall_at_5_std": -0.07488297127456679,
        "ndcg_at_1": 0.6572,
        "ndcg_at_10": 0.77383,
        "ndcg_at_100": 0.78935,
        "ndcg_at_1000": 0.79232,
        "ndcg_at_20": 0.78159,
        "ndcg_at_3": 0.74532,
        "ndcg_at_5": 0.76141,
        "precision_at_1": 0.6572,
        "precision_at_10": 0.08825,
        "precision_at_100": 0.00954,
        "precision_at_1000": 0.00098,
        "precision_at_20": 0.04565,
        "precision_at_3": 0.26847,
        "precision_at_5": 0.16886,
        "recall_at_1": 0.6572,
        "recall_at_10": 0.8825,
        "recall_at_100": 0.9543,
        "recall_at_1000": 0.9781,
        "recall_at_20": 0.9129,
        "recall_at_3": 0.8054,
        "recall_at_5": 0.8443
      }
    ]
  },
  "task_name": "RiaNewsRetrieval"
}