{
  "dataset_revision": "7cf24f325c6da6195df55bef3d86b5e0616f3018",
  "evaluation_time": 1.0349633693695068,
  "kg_co2_emissions": null,
  "mteb_version": "1.12.25",
  "scores": {
    "test": [
      {
        "cos_sim": {
          "pearson": 0.824301165736167,
          "spearman": 0.8190968422909893
        },
        "euclidean": {
          "pearson": 0.8011375372546348,
          "spearman": 0.8191081059520848
        },
        "hf_subset": "default",
        "languages": [
          "rus-Cyrl"
        ],
        "main_score": 0.8190968422909893,
        "manhattan": {
          "pearson": 0.8007316285201983,
          "spearman": 0.8179480467765143
        }
      }
    ]
  },
  "task_name": "RuSTSBenchmarkSTS"
}