{
  "dataset_revision": "7b58f24536063837d644aab9a023c62199b2a612",
  "evaluation_time": 0.49735355377197266,
  "kg_co2_emissions": null,
  "mteb_version": "1.12.25",
  "scores": {
    "dev": [
      {
        "cos_sim": {
          "accuracy": 0.6188925081433225,
          "accuracy_threshold": 0.6009500026702881,
          "ap": 0.59756668260072,
          "f1": 0.6681222707423581,
          "f1_threshold": 0.23748540878295898,
          "precision": 0.5016393442622951,
          "recall": 1.0
        },
        "dot": {
          "accuracy": 0.6188925081433225,
          "accuracy_threshold": 0.6009500026702881,
          "ap": 0.59756668260072,
          "f1": 0.6681222707423581,
          "f1_threshold": 0.23748543858528137,
          "precision": 0.5016393442622951,
          "recall": 1.0
        },
        "euclidean": {
          "accuracy": 0.6188925081433225,
          "accuracy_threshold": 0.8933642506599426,
          "ap": 0.59756668260072,
          "f1": 0.6681222707423581,
          "f1_threshold": 1.2348787784576416,
          "precision": 0.5016393442622951,
          "recall": 1.0
        },
        "hf_subset": "default",
        "languages": [
          "rus-Cyrl"
        ],
        "main_score": 0.59756668260072,
        "manhattan": {
          "accuracy": 0.6091205211726385,
          "accuracy_threshold": 19.89917755126953,
          "ap": 0.5975310094029704,
          "f1": 0.6681222707423581,
          "f1_threshold": 27.12159538269043,
          "precision": 0.5016393442622951,
          "recall": 1.0
        },
        "max": {
          "accuracy": 0.6188925081433225,
          "ap": 0.59756668260072,
          "f1": 0.6681222707423581
        }
      }
    ]
  },
  "task_name": "TERRa"
}